{
  "Data Loading": {
    "TurboLoader": {
      "img/s": 2377.2521856229373,
      "batch/s": 89.37038291815553
    },
    "TensorFlow": {
      "img/s": 4403.829972930851,
      "batch/s": 137.6196866540891
    }
  },
  "Transforms": {
    "TensorFlow": {
      "img/s": 3808.7944856394497,
      "batch/s": 119.0248276762328
    }
  }
}